"","year","TL","sd","spp"
"1",1891,4.06233829446132,0.132183720902293,"SOTE"
"2",1892,4.06572116614969,0.124744090786192,"SOTE"
"3",1893,4.06621981456713,0.120886615048026,"SOTE"
"4",1894,4.06909644814936,0.114197632051844,"SOTE"
"5",1895,4.0711017417896,0.110084949799988,"SOTE"
"6",1896,4.0735273235815,0.106607340466576,"SOTE"
"7",1897,4.07567383706781,0.106822559957768,"SOTE"
"8",1898,4.07647698202542,0.105750114655699,"SOTE"
"9",1899,4.07761063587829,0.105731299334013,"SOTE"
"10",1900,4.08036272970074,0.106119214267625,"SOTE"
"11",1901,4.08147480967288,0.103680312525047,"SOTE"
"12",1902,4.08239016411628,0.0993843408757993,"SOTE"
"13",1903,4.08169226098202,0.0997952918644396,"SOTE"
"14",1904,4.08252990351577,0.096708065311442,"SOTE"
"15",1905,4.0835832010964,0.0948561590281747,"SOTE"
"16",1906,4.08426977456803,0.0935336318926137,"SOTE"
"17",1907,4.08539808161776,0.0936468763513778,"SOTE"
"18",1908,4.08541088955021,0.0940705578132306,"SOTE"
"19",1909,4.08522746166325,0.0954579190315998,"SOTE"
"20",1910,4.08576143109868,0.0936221512151176,"SOTE"
"21",1911,4.085496247651,0.0931020183956717,"SOTE"
"22",1912,4.08506393734697,0.0924299608021926,"SOTE"
"23",1913,4.08355736640528,0.0963954903416173,"SOTE"
"24",1914,4.08235678628608,0.0970703424350319,"SOTE"
"25",1915,4.08240363585562,0.096551308684151,"SOTE"
"26",1916,4.08169140091575,0.0977264035953551,"SOTE"
"27",1917,4.08173185619331,0.0966582043708755,"SOTE"
"28",1918,4.08133157617046,0.0974396608493802,"SOTE"
"29",1919,4.07966113545451,0.100275999104295,"SOTE"
"30",1920,4.07858581215138,0.102692402639054,"SOTE"
"31",1921,4.07815267040803,0.104582167567345,"SOTE"
"32",1922,4.07638061063938,0.10659604338165,"SOTE"
"33",1923,4.0747384402649,0.109097376204306,"SOTE"
"34",1924,4.07197940373548,0.110338608658603,"SOTE"
"35",1925,4.07066791284514,0.111207913623365,"SOTE"
"36",1926,4.06858539189968,0.114324860673157,"SOTE"
"37",1927,4.06699952052886,0.115085577141985,"SOTE"
"38",1928,4.06487776183186,0.116076694569208,"SOTE"
"39",1929,4.06282297693141,0.117367267901964,"SOTE"
"40",1930,4.06025255598834,0.119322820025686,"SOTE"
"41",1931,4.05786511333745,0.119996961607569,"SOTE"
"42",1932,4.05523435900362,0.120569413476972,"SOTE"
"43",1933,4.05310412380725,0.121837289308719,"SOTE"
"44",1934,4.05033898649461,0.122865749199859,"SOTE"
"45",1935,4.04849112489307,0.123445827789812,"SOTE"
"46",1936,4.0464710309017,0.122562470053639,"SOTE"
"47",1937,4.04427797134633,0.121838175055209,"SOTE"
"48",1938,4.0424963307364,0.120650973054728,"SOTE"
"49",1939,4.0399659839429,0.121060189492285,"SOTE"
"50",1940,4.03790396121718,0.119634720761051,"SOTE"
"51",1941,4.03524517197687,0.118452835236295,"SOTE"
"52",1942,4.03319728414371,0.115059017124713,"SOTE"
"53",1943,4.02994687335318,0.114516197137758,"SOTE"
"54",1944,4.02728890207502,0.112827185119981,"SOTE"
"55",1945,4.02413226016739,0.110771101937965,"SOTE"
"56",1946,4.02115928098024,0.107580699736494,"SOTE"
"57",1947,4.01802295135643,0.104896915507454,"SOTE"
"58",1948,4.01606938844455,0.10149754844835,"SOTE"
"59",1949,4.01350642269812,0.0977369148485172,"SOTE"
"60",1950,4.00987662197082,0.0948907949389453,"SOTE"
"61",1951,4.00715084984087,0.0918164287413541,"SOTE"
"62",1952,4.00352001218694,0.0906840512664724,"SOTE"
"63",1953,4.00037791835479,0.0885967886955497,"SOTE"
"64",1954,3.9961279622865,0.0858567376874153,"SOTE"
"65",1955,3.99289748631266,0.08271441672309,"SOTE"
"66",1956,3.98958857116124,0.0787367458972126,"SOTE"
"67",1957,3.98625602510164,0.0744278680622728,"SOTE"
"68",1958,3.98236861799855,0.0730418107029913,"SOTE"
"69",1959,3.97987102681667,0.0690536867299567,"SOTE"
"70",1960,3.97562643672076,0.0673711726747377,"SOTE"
"71",1961,3.97290928643495,0.0643497288863832,"SOTE"
"72",1962,3.9701432950402,0.0611396581896582,"SOTE"
"73",1963,3.96670097646829,0.0616854743591695,"SOTE"
"74",1964,3.96348260630597,0.0603171075627742,"SOTE"
"75",1965,3.96038587260016,0.0590412013962625,"SOTE"
"76",1966,3.95724609792209,0.0584627197744947,"SOTE"
"77",1967,3.95414025612983,0.0576389490184424,"SOTE"
"78",1968,3.95102789691665,0.056874621433173,"SOTE"
"79",1969,3.94801144276174,0.0550787752359359,"SOTE"
"80",1970,3.94487915671061,0.0535866690849325,"SOTE"
"81",1971,3.94157166881525,0.0533108372893785,"SOTE"
"82",1972,3.93881045121518,0.0525750355392618,"SOTE"
"83",1973,3.93574429476938,0.0519252009313771,"SOTE"
"84",1974,3.93263569341522,0.0513055663780126,"SOTE"
"85",1975,3.92874957451185,0.0524228492433054,"SOTE"
"86",1976,3.92534159109069,0.0528857247537529,"SOTE"
"87",1977,3.92196942978496,0.0521196903417351,"SOTE"
"88",1978,3.91845375205828,0.0518540955892055,"SOTE"
"89",1979,3.91429919469143,0.0524778280571141,"SOTE"
"90",1980,3.91081455845864,0.0520203577138503,"SOTE"
"91",1981,3.90749587572145,0.0516651692825394,"SOTE"
"92",1982,3.90455644863261,0.0509827508033895,"SOTE"
"93",1983,3.90134808542287,0.0500534400525785,"SOTE"
"94",1984,3.89762263668107,0.0491013002485809,"SOTE"
"95",1985,3.89378490169156,0.0483642534168314,"SOTE"
"96",1986,3.88962114074059,0.0487250242959991,"SOTE"
"97",1987,3.88552864251603,0.0485646218017628,"SOTE"
"98",1988,3.88214289791164,0.0467306463470414,"SOTE"
"99",1989,3.87803625214409,0.0468726647729305,"SOTE"
"100",1990,3.87390556987472,0.0476208590109461,"SOTE"
"101",1991,3.86938986179442,0.0488869989150107,"SOTE"
"102",1992,3.86534842035008,0.0496541471009988,"SOTE"
"103",1993,3.86043553340183,0.0494495041321574,"SOTE"
"104",1994,3.85551125683138,0.051415231482749,"SOTE"
"105",1995,3.85096315597199,0.0527887368178255,"SOTE"
"106",1996,3.84680249819347,0.052891329190885,"SOTE"
"107",1997,3.84166521290761,0.0549142318443647,"SOTE"
"108",1998,3.83786933919506,0.0544455054109556,"SOTE"
"109",1999,3.83329688838661,0.0559156300485988,"SOTE"
"110",2000,3.82914014205601,0.0567589291636845,"SOTE"
"111",2001,3.82421953677483,0.0591172545705003,"SOTE"
"112",2002,3.81909781671429,0.0608473326876875,"SOTE"
"113",2003,3.81420753294785,0.0642254697278748,"SOTE"
"114",2004,3.80796086650943,0.0702400767610527,"SOTE"
"115",2005,3.8023710440793,0.0743861002298036,"SOTE"
"116",2006,3.79578757535611,0.0794488059281844,"SOTE"
"117",2007,3.79022140312448,0.083375834925294,"SOTE"
"118",2008,3.78405671797612,0.0884831816710978,"SOTE"
"119",2009,3.77734578653931,0.0919437507617133,"SOTE"
"120",2010,3.77261468813174,0.0952742908733701,"SOTE"
"121",2011,3.76586712762482,0.101844051811814,"SOTE"
"122",2012,3.75973000413919,0.108341838831563,"SOTE"
"123",2013,3.75340192808194,0.114782861844459,"SOTE"
"124",2014,3.74898302158369,0.118098277651589,"SOTE"
"125",1891,4.07076957334561,0.0319261626082596,"WTSH"
"126",1892,4.06136477413788,0.0292212841025838,"WTSH"
"127",1893,4.05264500179188,0.0260132155438049,"WTSH"
"128",1894,4.04397126151945,0.0233428540868754,"WTSH"
"129",1895,4.03607208120261,0.0214139499238062,"WTSH"
"130",1896,4.02745455033672,0.0207153161039431,"WTSH"
"131",1897,4.01904369625059,0.0211510270094761,"WTSH"
"132",1898,4.01089974506761,0.0215824753252853,"WTSH"
"133",1899,4.00307330111384,0.022403116789496,"WTSH"
"134",1900,3.99589166286013,0.0223474319122579,"WTSH"
"135",1901,3.9892873827799,0.0237492383721678,"WTSH"
"136",1902,3.98200528710795,0.0251345644674759,"WTSH"
"137",1903,3.97418415190115,0.0291501240501955,"WTSH"
"138",1904,3.96709988878301,0.0309483122387975,"WTSH"
"139",1905,3.95976067752464,0.0337396712894753,"WTSH"
"140",1906,3.95228426362897,0.0362371493865705,"WTSH"
"141",1907,3.94565824210939,0.0390230481343745,"WTSH"
"142",1908,3.93889724264665,0.041151228028558,"WTSH"
"143",1909,3.93220823145062,0.0431003617441217,"WTSH"
"144",1910,3.9258590585533,0.0458890346336323,"WTSH"
"145",1911,3.91989520325514,0.047866559489723,"WTSH"
"146",1912,3.91368839587605,0.0506402217156174,"WTSH"
"147",1913,3.90782213698451,0.0529723453343145,"WTSH"
"148",1914,3.90204717208464,0.0554002932344102,"WTSH"
"149",1915,3.89626214566267,0.0577720496582672,"WTSH"
"150",1916,3.89079220953545,0.0598287257080741,"WTSH"
"151",1917,3.88572507819409,0.0616829682785056,"WTSH"
"152",1918,3.88053928639603,0.0641605185640346,"WTSH"
"153",1919,3.87572842888512,0.065642879843395,"WTSH"
"154",1920,3.87104367629309,0.066885535946462,"WTSH"
"155",1921,3.86693617136482,0.0679493163792078,"WTSH"
"156",1922,3.86293582759487,0.068957997570501,"WTSH"
"157",1923,3.85930434924026,0.0695648032444058,"WTSH"
"158",1924,3.8552226773707,0.0709362811829619,"WTSH"
"159",1925,3.85138970805353,0.0720240545975348,"WTSH"
"160",1926,3.84734662969509,0.073365413341643,"WTSH"
"161",1927,3.8438586674724,0.0741882579039639,"WTSH"
"162",1928,3.84081742790033,0.0743570060697367,"WTSH"
"163",1929,3.83779375761231,0.0748508182786072,"WTSH"
"164",1930,3.83495284486336,0.0744334957599309,"WTSH"
"165",1931,3.83215749687991,0.0747670902932378,"WTSH"
"166",1932,3.82899568653735,0.0749064237427026,"WTSH"
"167",1933,3.82658182527506,0.0736041476032048,"WTSH"
"168",1934,3.82461216090031,0.0736861833447744,"WTSH"
"169",1935,3.82179204354649,0.0740557420612866,"WTSH"
"170",1936,3.81974126891048,0.0737078269582403,"WTSH"
"171",1937,3.81795889204536,0.0733402455194296,"WTSH"
"172",1938,3.81562848592155,0.0735754901676713,"WTSH"
"173",1939,3.81408789901023,0.0721535397710431,"WTSH"
"174",1940,3.81250558016605,0.0722952703036972,"WTSH"
"175",1941,3.81088914915812,0.071753460166819,"WTSH"
"176",1942,3.80979851411715,0.070652303141959,"WTSH"
"177",1943,3.80889529712075,0.0698339426729797,"WTSH"
"178",1944,3.80758106172485,0.0686839966447046,"WTSH"
"179",1945,3.80592680272599,0.0684589225929764,"WTSH"
"180",1946,3.80495410780703,0.0675148766383149,"WTSH"
"181",1947,3.80348237221452,0.068322252671198,"WTSH"
"182",1948,3.80271240478039,0.0673313157581124,"WTSH"
"183",1949,3.80236223094842,0.0666042857208056,"WTSH"
"184",1950,3.80051971009793,0.0659791133094787,"WTSH"
"185",1951,3.80064583563782,0.0644211918133033,"WTSH"
"186",1952,3.80021796549349,0.0632729900039539,"WTSH"
"187",1953,3.80166830927456,0.0607031983248678,"WTSH"
"188",1954,3.80353480829064,0.0584783713386674,"WTSH"
"189",1955,3.80463379897434,0.0578154645079105,"WTSH"
"190",1956,3.80667279637491,0.0571161416584225,"WTSH"
"191",1957,3.80861462376186,0.0541139648765223,"WTSH"
"192",1958,3.81037431478986,0.0533579619775133,"WTSH"
"193",1959,3.81185595056575,0.0519119988362413,"WTSH"
"194",1960,3.81311904563835,0.0511281757175013,"WTSH"
"195",1961,3.81363766980341,0.0503082558310428,"WTSH"
"196",1962,3.81426606233286,0.0496860991130958,"WTSH"
"197",1963,3.81447946851563,0.049162176742426,"WTSH"
"198",1964,3.81322956613777,0.0502691529583585,"WTSH"
"199",1965,3.81262205067115,0.0493171644523058,"WTSH"
"200",1966,3.81238253604381,0.0493112736610199,"WTSH"
"201",1967,3.8129988633167,0.0482299200060141,"WTSH"
"202",1968,3.81364224344527,0.0477552168372046,"WTSH"
"203",1969,3.81352891527656,0.0476579314695726,"WTSH"
"204",1970,3.81291055507244,0.0472915114213874,"WTSH"
"205",1971,3.81131404736401,0.0466014306464171,"WTSH"
"206",1972,3.80982210301299,0.0463570453431092,"WTSH"
"207",1973,3.80864536992304,0.0463926827289631,"WTSH"
"208",1974,3.80771548133297,0.0453590237029915,"WTSH"
"209",1975,3.80652546839929,0.0443060229470458,"WTSH"
"210",1976,3.80534443369252,0.0440057368423141,"WTSH"
"211",1977,3.80379345074025,0.0446918823422102,"WTSH"
"212",1978,3.80139764092758,0.0446743296584211,"WTSH"
"213",1979,3.79978732270047,0.0455411390071192,"WTSH"
"214",1980,3.79840200507304,0.0449073594644323,"WTSH"
"215",1981,3.79619137126345,0.0449865146453385,"WTSH"
"216",1982,3.7946884101605,0.0443242810350473,"WTSH"
"217",1983,3.79225589519584,0.0450174679311721,"WTSH"
"218",1984,3.79037222307292,0.0450598059482052,"WTSH"
"219",1985,3.78793218567083,0.0456116646483871,"WTSH"
"220",1986,3.78575884731722,0.0465544168379606,"WTSH"
"221",1987,3.78310472416742,0.0470975637799449,"WTSH"
"222",1988,3.7808614218516,0.0465636921525148,"WTSH"
"223",1989,3.77770334395613,0.0485671889323509,"WTSH"
"224",1990,3.77407621516818,0.0506895511918883,"WTSH"
"225",1991,3.77071891989441,0.0518350332428574,"WTSH"
"226",1992,3.76844345217953,0.0519490131915807,"WTSH"
"227",1993,3.76539780659321,0.052285273904729,"WTSH"
"228",1994,3.76222428971186,0.0526202588708276,"WTSH"
"229",1995,3.75999332331116,0.0525430551212551,"WTSH"
"230",1996,3.75750738940543,0.0539387461257848,"WTSH"
"231",1997,3.75495115520838,0.0542142954360032,"WTSH"
"232",1998,3.75259833483884,0.0534022193914532,"WTSH"
"233",1999,3.7498299474373,0.054897457151704,"WTSH"
"234",2000,3.74671215194838,0.0570850878724052,"WTSH"
"235",2001,3.74346800146863,0.0587070533807399,"WTSH"
"236",2002,3.73950756096628,0.0603849078314025,"WTSH"
"237",2003,3.73626825651684,0.0625218781141856,"WTSH"
"238",2004,3.73284089966701,0.0644220937588962,"WTSH"
"239",2005,3.72861518349367,0.0668442589850491,"WTSH"
"240",2006,3.72431090470309,0.0710446437446746,"WTSH"
"241",2007,3.71988034367342,0.0747495391736006,"WTSH"
"242",2008,3.7177594031392,0.0748349965265938,"WTSH"
"243",2009,3.71486536851964,0.077176676749652,"WTSH"
"244",2010,3.70965729065722,0.081212830811217,"WTSH"
"245",2011,3.70659765482097,0.0825734943590164,"WTSH"
"246",2012,3.70245674691042,0.0855145136853581,"WTSH"
"247",2013,3.69790250082004,0.0890045840528666,"WTSH"
"248",2014,3.69310479350463,0.094449348345953,"WTSH"
"249",1891,4.06166757066013,0.0703143656656318,"BRBO"
"250",1892,4.0589969049688,0.069785537457733,"BRBO"
"251",1893,4.05535953969893,0.0705131684864932,"BRBO"
"252",1894,4.05250487065673,0.0707511406719732,"BRBO"
"253",1895,4.04997872194074,0.0696410088601667,"BRBO"
"254",1896,4.04896767654853,0.0672711116555398,"BRBO"
"255",1897,4.04846072336125,0.0653168103761406,"BRBO"
"256",1898,4.04559348512416,0.065734041023962,"BRBO"
"257",1899,4.04477864312002,0.0639325532795363,"BRBO"
"258",1900,4.04219576229056,0.0637469427115631,"BRBO"
"259",1901,4.0403587269552,0.0621302402905073,"BRBO"
"260",1902,4.0384658189848,0.0605621747290392,"BRBO"
"261",1903,4.03713013591058,0.0575870429547098,"BRBO"
"262",1904,4.03437547225751,0.0586726082257201,"BRBO"
"263",1905,4.03197058549276,0.0584731501129498,"BRBO"
"264",1906,4.03031361805091,0.0574141686498111,"BRBO"
"265",1907,4.02752585298626,0.058200820292746,"BRBO"
"266",1908,4.02522694449953,0.0584161383683979,"BRBO"
"267",1909,4.02234408191677,0.0594268908716789,"BRBO"
"268",1910,4.02060548554009,0.0594328603084495,"BRBO"
"269",1911,4.01736568643477,0.0606616794066408,"BRBO"
"270",1912,4.01394927406856,0.0622494532874205,"BRBO"
"271",1913,4.01072036266049,0.063313037779233,"BRBO"
"272",1914,4.00829287497134,0.0632277015952161,"BRBO"
"273",1915,4.0061265623245,0.0633197049578129,"BRBO"
"274",1916,4.0035785814011,0.0640381186060441,"BRBO"
"275",1917,4.00158852281638,0.0639192246209355,"BRBO"
"276",1918,3.99821987274605,0.0655303770873532,"BRBO"
"277",1919,3.99541649650753,0.0669571394631108,"BRBO"
"278",1920,3.99262479266313,0.0681260511002852,"BRBO"
"279",1921,3.98995530362094,0.0698327002526939,"BRBO"
"280",1922,3.9881606352802,0.070573415983965,"BRBO"
"281",1923,3.9862573582559,0.0706328739829862,"BRBO"
"282",1924,3.98400840816037,0.071539153435769,"BRBO"
"283",1925,3.9818139623587,0.071356178674105,"BRBO"
"284",1926,3.9796204648969,0.0709333996926595,"BRBO"
"285",1927,3.97709608999694,0.0714144837159632,"BRBO"
"286",1928,3.97493798871195,0.0713652739803283,"BRBO"
"287",1929,3.97223448086233,0.0717507866384981,"BRBO"
"288",1930,3.96987837875482,0.0719450160783381,"BRBO"
"289",1931,3.9662041486636,0.0731773593371559,"BRBO"
"290",1932,3.96352925340622,0.0736598189515156,"BRBO"
"291",1933,3.96060433008613,0.0741413102134088,"BRBO"
"292",1934,3.95794390103742,0.0745396429999117,"BRBO"
"293",1935,3.95466788374351,0.0764890384137891,"BRBO"
"294",1936,3.95199447753286,0.0769158785715787,"BRBO"
"295",1937,3.94912098103172,0.0769496913854026,"BRBO"
"296",1938,3.94651722218226,0.0763917292449481,"BRBO"
"297",1939,3.94348518877525,0.0749023095968386,"BRBO"
"298",1940,3.94094296992883,0.0746756466326639,"BRBO"
"299",1941,3.9374339733605,0.0741562606825417,"BRBO"
"300",1942,3.93435390759258,0.0752269243471098,"BRBO"
"301",1943,3.93094883192462,0.0752938707102819,"BRBO"
"302",1944,3.92746186504345,0.0749000177457146,"BRBO"
"303",1945,3.92462359613385,0.0742112261175429,"BRBO"
"304",1946,3.92187545499212,0.0733337804604113,"BRBO"
"305",1947,3.91948491376026,0.0727662136475682,"BRBO"
"306",1948,3.91590460119317,0.0732667687615054,"BRBO"
"307",1949,3.91349136739009,0.072500109541799,"BRBO"
"308",1950,3.91085133644081,0.0719507058726738,"BRBO"
"309",1951,3.90882052090215,0.0719269202989921,"BRBO"
"310",1952,3.90925089657775,0.0691037470819738,"BRBO"
"311",1953,3.90988354187452,0.0688339280637935,"BRBO"
"312",1954,3.91098614550919,0.0669591114226593,"BRBO"
"313",1955,3.91160331661319,0.0675920339270295,"BRBO"
"314",1956,3.91206809511933,0.0664422182509607,"BRBO"
"315",1957,3.91207958848769,0.0668091663346435,"BRBO"
"316",1958,3.91342269649534,0.0654154140895167,"BRBO"
"317",1959,3.91446886465387,0.0646878588901001,"BRBO"
"318",1960,3.91566684743175,0.0644243158115057,"BRBO"
"319",1961,3.91637311671763,0.0653548769817283,"BRBO"
"320",1962,3.91587975767176,0.0678611791454489,"BRBO"
"321",1963,3.9152207263081,0.0686706267883985,"BRBO"
"322",1964,3.91785835415044,0.0695474738008772,"BRBO"
"323",1965,3.91667716962031,0.0710737412453946,"BRBO"
"324",1966,3.91815286917142,0.0720803469197193,"BRBO"
"325",1967,3.91974305331325,0.0750382995639498,"BRBO"
"326",1968,3.92006915690792,0.0759489950992362,"BRBO"
"327",1969,3.92151096445093,0.0779888913038804,"BRBO"
"328",1970,3.9228371999063,0.0815067869473638,"BRBO"
"329",1971,3.92413317960269,0.0841280303138809,"BRBO"
"330",1972,3.92675772301751,0.0865213531196991,"BRBO"
"331",1973,3.92790178452807,0.0904878259838471,"BRBO"
"332",1974,3.93044509226053,0.0910717205740714,"BRBO"
"333",1975,3.93359358114236,0.0912224659764451,"BRBO"
"334",1976,3.93620127022993,0.0936680305564459,"BRBO"
"335",1977,3.93908678172637,0.0940718335016681,"BRBO"
"336",1978,3.94176209920943,0.0957321818628625,"BRBO"
"337",1979,3.94508105895754,0.0962989020740346,"BRBO"
"338",1980,3.94810708495054,0.0963678481050501,"BRBO"
"339",1981,3.95020719639978,0.0968711421081827,"BRBO"
"340",1982,3.95086271825669,0.0978269374688709,"BRBO"
"341",1983,3.95293152477347,0.0982448709243746,"BRBO"
"342",1984,3.95486498029268,0.0978072270797385,"BRBO"
"343",1985,3.95570496880175,0.096938716740337,"BRBO"
"344",1986,3.95670261112507,0.0960847719866482,"BRBO"
"345",1987,3.95672797483751,0.0953382846981987,"BRBO"
"346",1988,3.95676291623777,0.0952662913258768,"BRBO"
"347",1989,3.95502624697176,0.0944185122818739,"BRBO"
"348",1990,3.95258130679178,0.0924147229032179,"BRBO"
"349",1991,3.95066989771641,0.091099792123055,"BRBO"
"350",1992,3.94881414897221,0.0889940832591876,"BRBO"
"351",1993,3.94745577798951,0.0871398541528796,"BRBO"
"352",1994,3.94505854209469,0.0860782648014844,"BRBO"
"353",1995,3.94308073766855,0.0824479315088285,"BRBO"
"354",1996,3.94015187935277,0.0823669433601353,"BRBO"
"355",1997,3.93800349841273,0.0788039409970596,"BRBO"
"356",1998,3.93620146528041,0.0761122220336441,"BRBO"
"357",1999,3.93390358309465,0.0734017510326348,"BRBO"
"358",2000,3.93087776394858,0.0712347424264506,"BRBO"
"359",2001,3.92615467969076,0.0700351374708199,"BRBO"
"360",2002,3.92189817627663,0.0695072204639651,"BRBO"
"361",2003,3.9178822198413,0.0671666839754823,"BRBO"
"362",2004,3.91324941384716,0.0649062767073465,"BRBO"
"363",2005,3.90821297341316,0.0635718876153919,"BRBO"
"364",2006,3.90245067239544,0.0616932110027921,"BRBO"
"365",2007,3.89630227727048,0.0611543328373743,"BRBO"
"366",2008,3.89003577772206,0.0590171715686267,"BRBO"
"367",2009,3.88388549309037,0.0569737719347763,"BRBO"
"368",2010,3.87723529497999,0.0569297143029437,"BRBO"
"369",2011,3.86939936745971,0.0568677042464678,"BRBO"
"370",2012,3.8625401031891,0.0580392242894274,"BRBO"
"371",2013,3.85470078859705,0.0603725006122247,"BRBO"
"372",2014,3.84644967444865,0.0631232035761697,"BRBO"
"373",1891,3.73730591051476,0.134296253449466,"BRNO"
"374",1892,3.73217050523177,0.132330051102595,"BRNO"
"375",1893,3.72552499977471,0.130823853201567,"BRNO"
"376",1894,3.72189700991119,0.125122091425711,"BRNO"
"377",1895,3.71644875850768,0.121397053396049,"BRNO"
"378",1896,3.71313538060028,0.117241036157617,"BRNO"
"379",1897,3.70884418185205,0.113235940081061,"BRNO"
"380",1898,3.70431721543529,0.111577018717531,"BRNO"
"381",1899,3.70083374644816,0.108316285209181,"BRNO"
"382",1900,3.69626503192095,0.108291974859769,"BRNO"
"383",1901,3.69200504869362,0.106875882771429,"BRNO"
"384",1902,3.68692048352077,0.105529119834686,"BRNO"
"385",1903,3.68282375100458,0.104240177088625,"BRNO"
"386",1904,3.6793238318381,0.102713914703782,"BRNO"
"387",1905,3.67487464011975,0.101910719434225,"BRNO"
"388",1906,3.67186256894316,0.101491027936867,"BRNO"
"389",1907,3.66817042006832,0.100109557414642,"BRNO"
"390",1908,3.66513830333369,0.100874752759673,"BRNO"
"391",1909,3.66230887771154,0.0996823960115734,"BRNO"
"392",1910,3.65964765539448,0.0996086287811848,"BRNO"
"393",1911,3.65812517099828,0.0971314974464419,"BRNO"
"394",1912,3.65485015180306,0.0988181954505203,"BRNO"
"395",1913,3.65275803310872,0.0988458958709599,"BRNO"
"396",1914,3.65025340769291,0.0996501494392596,"BRNO"
"397",1915,3.64896944408836,0.0997720834057931,"BRNO"
"398",1916,3.64831647288742,0.0979746847231553,"BRNO"
"399",1917,3.64720300095726,0.0971648500391913,"BRNO"
"400",1918,3.6438654905126,0.0994905658242264,"BRNO"
"401",1919,3.64223804631312,0.0991771274639319,"BRNO"
"402",1920,3.64087123231687,0.100647686361393,"BRNO"
"403",1921,3.63869905634797,0.104296163141959,"BRNO"
"404",1922,3.63762564598067,0.10522107687152,"BRNO"
"405",1923,3.63666091705277,0.105725009128184,"BRNO"
"406",1924,3.63552214314534,0.10599287594347,"BRNO"
"407",1925,3.63409029711105,0.106602919043281,"BRNO"
"408",1926,3.63480014734033,0.105625194278351,"BRNO"
"409",1927,3.6342606533835,0.106375822488988,"BRNO"
"410",1928,3.63524177187196,0.10544909117866,"BRNO"
"411",1929,3.63640335300233,0.103957124058529,"BRNO"
"412",1930,3.63668005462423,0.102915524281777,"BRNO"
"413",1931,3.63794861297672,0.102773010010503,"BRNO"
"414",1932,3.63680704841822,0.102681822744396,"BRNO"
"415",1933,3.63629774000841,0.104527309073639,"BRNO"
"416",1934,3.63727689623036,0.103603125699355,"BRNO"
"417",1935,3.63753075450616,0.105305383991546,"BRNO"
"418",1936,3.63822236956843,0.104972931557874,"BRNO"
"419",1937,3.64012720277267,0.10367420985582,"BRNO"
"420",1938,3.64199819747109,0.103743487347006,"BRNO"
"421",1939,3.64363519029542,0.103251311088958,"BRNO"
"422",1940,3.64579527058705,0.10228542759507,"BRNO"
"423",1941,3.6484029059892,0.100822594968728,"BRNO"
"424",1942,3.65191445573719,0.0990205459276829,"BRNO"
"425",1943,3.65540454995978,0.0972199924496828,"BRNO"
"426",1944,3.66035584678112,0.0948018945156002,"BRNO"
"427",1945,3.66551645923797,0.094104012030789,"BRNO"
"428",1946,3.67219054386504,0.0916467326246821,"BRNO"
"429",1947,3.67883928534673,0.0904059373511021,"BRNO"
"430",1948,3.68693637210693,0.0867192882180086,"BRNO"
"431",1949,3.69562387275319,0.0846002833196224,"BRNO"
"432",1950,3.7035798959933,0.0837824590379967,"BRNO"
"433",1951,3.71415657007522,0.079430785150306,"BRNO"
"434",1952,3.72333004932228,0.0780831457855715,"BRNO"
"435",1953,3.73309319299549,0.075070795195705,"BRNO"
"436",1954,3.74234832712578,0.0726456685944261,"BRNO"
"437",1955,3.75324315733869,0.0685618934108181,"BRNO"
"438",1956,3.76049745708648,0.0696029728732444,"BRNO"
"439",1957,3.77087120527756,0.0676914034847256,"BRNO"
"440",1958,3.78014672347367,0.066643725802221,"BRNO"
"441",1959,3.78903860604437,0.0661063023365296,"BRNO"
"442",1960,3.79637101629499,0.0672348342888851,"BRNO"
"443",1961,3.80471721946686,0.0665276005600148,"BRNO"
"444",1962,3.81203891587716,0.0666711885295808,"BRNO"
"445",1963,3.81971867231481,0.0661906580899485,"BRNO"
"446",1964,3.82543433006996,0.0657591729105578,"BRNO"
"447",1965,3.8316404637422,0.0663251876108424,"BRNO"
"448",1966,3.83643782808855,0.0673688784077906,"BRNO"
"449",1967,3.84052406072145,0.0690371797497025,"BRNO"
"450",1968,3.84535993271816,0.0676769221109614,"BRNO"
"451",1969,3.8500183594845,0.0665504179904022,"BRNO"
"452",1970,3.85413617261764,0.0666179054362619,"BRNO"
"453",1971,3.85760098201426,0.0657038018048084,"BRNO"
"454",1972,3.86093168730998,0.0648276854726655,"BRNO"
"455",1973,3.86477822000123,0.0631161224726458,"BRNO"
"456",1974,3.86831070597848,0.0612303443640965,"BRNO"
"457",1975,3.87031102160942,0.0598092172656348,"BRNO"
"458",1976,3.87233372833722,0.0582485796206318,"BRNO"
"459",1977,3.87509093637416,0.0569601473524592,"BRNO"
"460",1978,3.87591614437005,0.0569970370537449,"BRNO"
"461",1979,3.87734275159406,0.0567617018670297,"BRNO"
"462",1980,3.87784840337712,0.0560193616272548,"BRNO"
"463",1981,3.87721086826328,0.056024889339306,"BRNO"
"464",1982,3.87694406636591,0.0551939660211138,"BRNO"
"465",1983,3.87586509052971,0.0543193422270822,"BRNO"
"466",1984,3.87405839199838,0.0537492387877747,"BRNO"
"467",1985,3.87208949028886,0.0524519135140835,"BRNO"
"468",1986,3.87029099007417,0.0509040889332697,"BRNO"
"469",1987,3.8672376951831,0.0504069865164709,"BRNO"
"470",1988,3.86421595408974,0.0498328269637298,"BRNO"
"471",1989,3.86089126914103,0.047418887079488,"BRNO"
"472",1990,3.8573923237341,0.0458602476349541,"BRNO"
"473",1991,3.85266613826286,0.0453317840169598,"BRNO"
"474",1992,3.84879729177855,0.0439883204958353,"BRNO"
"475",1993,3.84308461655539,0.0440484518645472,"BRNO"
"476",1994,3.83758006630139,0.0425781853352571,"BRNO"
"477",1995,3.83145383169824,0.0422750574021293,"BRNO"
"478",1996,3.82545231631859,0.040996361235091,"BRNO"
"479",1997,3.81835441874944,0.0410481336629451,"BRNO"
"480",1998,3.81086324753574,0.04097037614337,"BRNO"
"481",1999,3.80412509273463,0.0394052162211622,"BRNO"
"482",2000,3.79624709648659,0.0380331110791587,"BRNO"
"483",2001,3.78798654892815,0.0381419738742839,"BRNO"
"484",2002,3.7796491365038,0.0379781425477868,"BRNO"
"485",2003,3.77025088169058,0.0379570779391667,"BRNO"
"486",2004,3.76152182593577,0.0381720757673172,"BRNO"
"487",2005,3.75123794563442,0.0401395083717482,"BRNO"
"488",2006,3.74173615257529,0.0399451486860527,"BRNO"
"489",2007,3.73249767748013,0.0400235555672515,"BRNO"
"490",2008,3.7210919174493,0.0422026675149074,"BRNO"
"491",2009,3.70974892108697,0.0444456400393247,"BRNO"
"492",2010,3.69780535433134,0.0463216526150263,"BRNO"
"493",2011,3.68460335286305,0.0501915504382118,"BRNO"
"494",2012,3.67198271198012,0.0514062409212581,"BRNO"
"495",2013,3.6591233158711,0.054318130513991,"BRNO"
"496",2014,3.64626783428966,0.0582507918927675,"BRNO"
"497",1891,3.86549776970637,0.117419446676575,"LAAL"
"498",1892,3.8731016472867,0.0991750732400938,"LAAL"
"499",1893,3.88158743694511,0.0831875075348463,"LAAL"
"500",1894,3.88325706215158,0.076518270239204,"LAAL"
"501",1895,3.88421125031005,0.0745695367422714,"LAAL"
"502",1896,3.88934655258334,0.0712075067555942,"LAAL"
"503",1897,3.8937279134888,0.0729588166000128,"LAAL"
"504",1898,3.89818267944803,0.0793428223982842,"LAAL"
"505",1899,3.90519835380889,0.0856836495303375,"LAAL"
"506",1900,3.90969028275039,0.0960492747676769,"LAAL"
"507",1901,3.91177748435769,0.109886179286113,"LAAL"
"508",1902,3.91105564736815,0.124891268983042,"LAAL"
"509",1903,3.90876744538647,0.141961700744746,"LAAL"
"510",1904,3.90796250023139,0.157471073872333,"LAAL"
"511",1905,3.89749270844399,0.182179536916923,"LAAL"
"512",1906,3.88758662118474,0.207204152381244,"LAAL"
"513",1907,3.87886211141023,0.229969977454194,"LAAL"
"514",1908,3.8753735639068,0.246981192816953,"LAAL"
"515",1909,3.87458688366663,0.260553377102766,"LAAL"
"516",1910,3.86942321085675,0.27926848737766,"LAAL"
"517",1911,3.86288606386586,0.29790084195262,"LAAL"
"518",1912,3.86206724212862,0.310307582089163,"LAAL"
"519",1913,3.86201005993232,0.322487841679035,"LAAL"
"520",1914,3.85988239978416,0.335275315573727,"LAAL"
"521",1915,3.8581246722336,0.34836883505923,"LAAL"
"522",1916,3.85644874777501,0.360782191925223,"LAAL"
"523",1917,3.85507812507938,0.372684530783383,"LAAL"
"524",1918,3.85589655489988,0.382335584621761,"LAAL"
"525",1919,3.85530408660022,0.393196796300275,"LAAL"
"526",1920,3.85470661803221,0.403447474881736,"LAAL"
"527",1921,3.85283927266035,0.413954756101417,"LAAL"
"528",1922,3.85053083195429,0.425302750112905,"LAAL"
"529",1923,3.84828420273051,0.436020610318466,"LAAL"
"530",1924,3.84736247240433,0.444258359881534,"LAAL"
"531",1925,3.84688918780342,0.451240836001337,"LAAL"
"532",1926,3.84732010808499,0.456438676728914,"LAAL"
"533",1927,3.84804442903836,0.459956022916211,"LAAL"
"534",1928,3.84896158289516,0.463014138682434,"LAAL"
"535",1929,3.84836388989394,0.466506948457938,"LAAL"
"536",1930,3.84581703966585,0.472953348686857,"LAAL"
"537",1931,3.8439881050552,0.476973909201209,"LAAL"
"538",1932,3.84658371387817,0.475427130208545,"LAAL"
"539",1933,3.84939376549244,0.473617115926597,"LAAL"
"540",1934,3.84972639967718,0.472084739447777,"LAAL"
"541",1935,3.84990994820461,0.470965681768569,"LAAL"
"542",1936,3.85276287316231,0.466361485801325,"LAAL"
"543",1937,3.85656504179429,0.46024914259018,"LAAL"
"544",1938,3.86245887978795,0.451182168126926,"LAAL"
"545",1939,3.86698721950682,0.447496080716712,"LAAL"
"546",1940,3.87405917561696,0.437820189787395,"LAAL"
"547",1941,3.88102691359819,0.428861747335517,"LAAL"
"548",1942,3.88969295698877,0.417035898108963,"LAAL"
"549",1943,3.89972655995008,0.4016669167485,"LAAL"
"550",1944,3.90465555522455,0.392001331124171,"LAAL"
"551",1945,3.91236359150128,0.377645092244588,"LAAL"
"552",1946,3.91493723401909,0.368799151502862,"LAAL"
"553",1947,3.91651057913843,0.360956601895587,"LAAL"
"554",1948,3.91595611143576,0.353955723420101,"LAAL"
"555",1949,3.90666978312399,0.356006307497345,"LAAL"
"556",1950,3.89652169097398,0.357866582051264,"LAAL"
"557",1951,3.8963420967342,0.352315160469598,"LAAL"
"558",1952,3.8967505760648,0.345516900583931,"LAAL"
"559",1953,3.89797940482216,0.336014296659251,"LAAL"
"560",1954,3.89820382838619,0.327011801367975,"LAAL"
"561",1955,3.89452977298176,0.321888530375348,"LAAL"
"562",1956,3.89387846808777,0.314655930560856,"LAAL"
"563",1957,3.89413769265066,0.304988343714703,"LAAL"
"564",1958,3.89374321348623,0.295945626710438,"LAAL"
"565",1959,3.89095302058611,0.29073604918248,"LAAL"
"566",1960,3.88831544346089,0.28471439157656,"LAAL"
"567",1961,3.8878518579298,0.275271211949764,"LAAL"
"568",1962,3.8871708030964,0.267601023375842,"LAAL"
"569",1963,3.88631010490894,0.262312816591479,"LAAL"
"570",1964,3.88526553695739,0.255575661508899,"LAAL"
"571",1965,3.88609673157943,0.246610696769638,"LAAL"
"572",1966,3.88623592490353,0.239761854209394,"LAAL"
"573",1967,3.88708773468447,0.230389790231739,"LAAL"
"574",1968,3.88873959796596,0.223059704038277,"LAAL"
"575",1969,3.89138319571917,0.212624480707323,"LAAL"
"576",1970,3.8925878114411,0.204964294830196,"LAAL"
"577",1971,3.89356432155002,0.195645378968734,"LAAL"
"578",1972,3.8934169676125,0.191857883471196,"LAAL"
"579",1973,3.8949772130028,0.182547307694266,"LAAL"
"580",1974,3.89742059549615,0.175252148619125,"LAAL"
"581",1975,3.89718109744653,0.169707658622525,"LAAL"
"582",1976,3.896058619549,0.166853832455112,"LAAL"
"583",1977,3.89348335080579,0.164735604992392,"LAAL"
"584",1978,3.89435165941826,0.160123250949225,"LAAL"
"585",1979,3.8931294227854,0.16087423679864,"LAAL"
"586",1980,3.89329866370575,0.159128819163242,"LAAL"
"587",1981,3.89271158904357,0.158957093299392,"LAAL"
"588",1982,3.89279523060529,0.157436321505338,"LAAL"
"589",1983,3.89201431815188,0.155672842196556,"LAAL"
"590",1984,3.89119811248043,0.15200591296852,"LAAL"
"591",1985,3.89036013122323,0.14802974637416,"LAAL"
"592",1986,3.88899953199229,0.14590709916551,"LAAL"
"593",1987,3.88825528614708,0.140985145446874,"LAAL"
"594",1988,3.88672220593868,0.136272931550741,"LAAL"
"595",1989,3.88490925797081,0.133921134037696,"LAAL"
"596",1990,3.8839877653865,0.129529497014001,"LAAL"
"597",1991,3.88175009221942,0.12774214548046,"LAAL"
"598",1992,3.87969110980602,0.124678333435239,"LAAL"
"599",1993,3.8786807056594,0.122948004882091,"LAAL"
"600",1994,3.87667304173175,0.121048207004953,"LAAL"
"601",1995,3.8745097241048,0.117260419456903,"LAAL"
"602",1996,3.87338377591168,0.111829622906132,"LAAL"
"603",1997,3.87207868871451,0.108172128575012,"LAAL"
"604",1998,3.87044221144746,0.106195889416795,"LAAL"
"605",1999,3.8688513253622,0.101517272076623,"LAAL"
"606",2000,3.86736083801625,0.0981304818918769,"LAAL"
"607",2001,3.8660305029041,0.0940364494833528,"LAAL"
"608",2002,3.86329187766335,0.0931386923027158,"LAAL"
"609",2003,3.86013714226095,0.091176016689626,"LAAL"
"610",2004,3.85777841610432,0.0891549914419594,"LAAL"
"611",2005,3.85490881405457,0.0872478900577365,"LAAL"
"612",2006,3.85235631627913,0.0864864584865885,"LAAL"
"613",2007,3.85170133861072,0.0848154227083078,"LAAL"
"614",2008,3.84858219462554,0.082430853135119,"LAAL"
"615",2009,3.84747874435864,0.0800956710167151,"LAAL"
"616",2010,3.84588306552418,0.0810606953538522,"LAAL"
"617",2011,3.84720792185032,0.080727703190473,"LAAL"
"618",2012,3.84644994698115,0.083437183655322,"LAAL"
"619",2013,3.84392429695236,0.0870475034675993,"LAAL"
"620",2014,3.84364383018589,0.0912954415465266,"LAAL"
"621",1891,4.145970825602,0.159939919631497,"BUPE"
"622",1892,4.14822428350865,0.153758385649144,"BUPE"
"623",1893,4.14968594274546,0.145973514775901,"BUPE"
"624",1894,4.14919811407233,0.142565713718851,"BUPE"
"625",1895,4.1518074894371,0.135951169526045,"BUPE"
"626",1896,4.15305004350967,0.132601636854022,"BUPE"
"627",1897,4.15616200984925,0.126008127241104,"BUPE"
"628",1898,4.15819558026504,0.120088947025594,"BUPE"
"629",1899,4.15886641445118,0.116579409008234,"BUPE"
"630",1900,4.15870805450011,0.112947177580726,"BUPE"
"631",1901,4.15932215763095,0.108879269675519,"BUPE"
"632",1902,4.16072447950491,0.104413314376028,"BUPE"
"633",1903,4.16171485974896,0.102666156232636,"BUPE"
"634",1904,4.16290088823184,0.100376225622481,"BUPE"
"635",1905,4.16507037258438,0.0959148474750275,"BUPE"
"636",1906,4.16552185258854,0.0938855697581005,"BUPE"
"637",1907,4.16600643062452,0.0912867967914233,"BUPE"
"638",1908,4.16880737479225,0.08675764745563,"BUPE"
"639",1909,4.17057170335948,0.0841742233104954,"BUPE"
"640",1910,4.17351992455151,0.0806592715133796,"BUPE"
"641",1911,4.17451251049291,0.0787904413159444,"BUPE"
"642",1912,4.17606955145366,0.0767842223842692,"BUPE"
"643",1913,4.17839783333372,0.0730667462268437,"BUPE"
"644",1914,4.18093317193741,0.0708309167812313,"BUPE"
"645",1915,4.18372780121229,0.0681795909336351,"BUPE"
"646",1916,4.18625160626302,0.0660211116342344,"BUPE"
"647",1917,4.18744978600178,0.0636756609389177,"BUPE"
"648",1918,4.18961451112162,0.0610906595536349,"BUPE"
"649",1919,4.19224141122854,0.0590913636311559,"BUPE"
"650",1920,4.19516310293642,0.0559554293676268,"BUPE"
"651",1921,4.1977674014366,0.0535193091965604,"BUPE"
"652",1922,4.19959541976277,0.0536246473476352,"BUPE"
"653",1923,4.20167875732672,0.0530783028864077,"BUPE"
"654",1924,4.20395380036785,0.0533303392004063,"BUPE"
"655",1925,4.20617729546151,0.0532762794414037,"BUPE"
"656",1926,4.20944174432669,0.0517710160364278,"BUPE"
"657",1927,4.21201646575533,0.0507290341464204,"BUPE"
"658",1928,4.21370398730791,0.0501851079344924,"BUPE"
"659",1929,4.21494187589871,0.0504591434859103,"BUPE"
"660",1930,4.21623726554487,0.0515876590148521,"BUPE"
"661",1931,4.21747411644673,0.0517775471420991,"BUPE"
"662",1932,4.21897758066523,0.0521790642494278,"BUPE"
"663",1933,4.22037769647782,0.0532500656166315,"BUPE"
"664",1934,4.22250416628206,0.0541213117213895,"BUPE"
"665",1935,4.22484268595752,0.0543132181164907,"BUPE"
"666",1936,4.22666194055016,0.0543250935749304,"BUPE"
"667",1937,4.22877909938516,0.0541801287171957,"BUPE"
"668",1938,4.23081950673664,0.0540832237069182,"BUPE"
"669",1939,4.2339181126752,0.0538551240115979,"BUPE"
"670",1940,4.23667933060796,0.0540079356891949,"BUPE"
"671",1941,4.23977865026158,0.054159166522636,"BUPE"
"672",1942,4.24277018678946,0.0557906385637486,"BUPE"
"673",1943,4.24654384195024,0.0570807554056225,"BUPE"
"674",1944,4.25019609817964,0.0579074801813713,"BUPE"
"675",1945,4.25318442125795,0.0612652909623135,"BUPE"
"676",1946,4.25819781641297,0.0625417753298629,"BUPE"
"677",1947,4.26195255225992,0.0656587183233475,"BUPE"
"678",1948,4.26532231774697,0.0683475532595068,"BUPE"
"679",1949,4.26856398919642,0.0718532777615488,"BUPE"
"680",1950,4.27160480423862,0.0723864456583359,"BUPE"
"681",1951,4.27496715061527,0.0733275681646948,"BUPE"
"682",1952,4.27693822268439,0.0742691212490403,"BUPE"
"683",1953,4.27921339870666,0.0755436041321129,"BUPE"
"684",1954,4.27992205300226,0.0768801921913704,"BUPE"
"685",1955,4.2799582984976,0.0781772506398015,"BUPE"
"686",1956,4.28022442123307,0.0785930792308518,"BUPE"
"687",1957,4.27967703560981,0.0795684996329564,"BUPE"
"688",1958,4.27930402728491,0.0792231653514488,"BUPE"
"689",1959,4.27838367852507,0.0802342192760213,"BUPE"
"690",1960,4.27764868561191,0.079116429895592,"BUPE"
"691",1961,4.2762869269226,0.0792919476105993,"BUPE"
"692",1962,4.27465321957182,0.0793640009762866,"BUPE"
"693",1963,4.27330505838763,0.0777104186686142,"BUPE"
"694",1964,4.27161954713724,0.076790086455599,"BUPE"
"695",1965,4.26969857439227,0.0741479731885848,"BUPE"
"696",1966,4.26750177075105,0.07347606394256,"BUPE"
"697",1967,4.2642533844864,0.0729434545911873,"BUPE"
"698",1968,4.26138554711298,0.0712797039506743,"BUPE"
"699",1969,4.25781381231397,0.0698224993929264,"BUPE"
"700",1970,4.25454629160934,0.0683792759346478,"BUPE"
"701",1971,4.25061339761267,0.0671500340956417,"BUPE"
"702",1972,4.24685159661705,0.0648305060008694,"BUPE"
"703",1973,4.24207959188624,0.0645384179549824,"BUPE"
"704",1974,4.23776198863039,0.0627692976064917,"BUPE"
"705",1975,4.23238703623344,0.0623326798728927,"BUPE"
"706",1976,4.22666648847205,0.0613986820196608,"BUPE"
"707",1977,4.22077017933583,0.0596246645713752,"BUPE"
"708",1978,4.2144859193651,0.0585129718952153,"BUPE"
"709",1979,4.20750035046307,0.0580228056649768,"BUPE"
"710",1980,4.19974525414804,0.0580025829426365,"BUPE"
"711",1981,4.19290737971324,0.0568519014104956,"BUPE"
"712",1982,4.18550308442826,0.0559180256263874,"BUPE"
"713",1983,4.17726278745059,0.0559113672533016,"BUPE"
"714",1984,4.16966424729997,0.0545384235954307,"BUPE"
"715",1985,4.16215521268378,0.0526512517103903,"BUPE"
"716",1986,4.15366155467354,0.0520448776544153,"BUPE"
"717",1987,4.14511621211803,0.0513938991490317,"BUPE"
"718",1988,4.13620220421914,0.0506525293034548,"BUPE"
"719",1989,4.12683191057992,0.0504140202678833,"BUPE"
"720",1990,4.11819070567066,0.0507263969834861,"BUPE"
"721",1991,4.1095883653432,0.0504362217372378,"BUPE"
"722",1992,4.10015163482737,0.0508341246776034,"BUPE"
"723",1993,4.08936405520258,0.0532779831069767,"BUPE"
"724",1994,4.07859911994134,0.0547179734851513,"BUPE"
"725",1995,4.06824594422383,0.0551590780124513,"BUPE"
"726",1996,4.05634045237824,0.0577263261614656,"BUPE"
"727",1997,4.04547384353705,0.0585424032961877,"BUPE"
"728",1998,4.03377043003666,0.0608881130413108,"BUPE"
"729",1999,4.02094664957513,0.0660388321132928,"BUPE"
"730",2000,4.00857646070473,0.0692841991704691,"BUPE"
"731",2001,3.99615223935673,0.0731839603966238,"BUPE"
"732",2002,3.9831472391809,0.0779640669068522,"BUPE"
"733",2003,3.97069467169007,0.0821825085996082,"BUPE"
"734",2004,3.95777696511414,0.0856180689474657,"BUPE"
"735",2005,3.94251308883454,0.0913533229525259,"BUPE"
"736",2006,3.92850095823598,0.0965147792257772,"BUPE"
"737",2007,3.91392007347,0.102245273785385,"BUPE"
"738",2008,3.89980904531799,0.10690397407675,"BUPE"
"739",2009,3.88531209640275,0.11221604545502,"BUPE"
"740",2010,3.86907188394546,0.118469227172179,"BUPE"
"741",2011,3.85436422266495,0.124603752658837,"BUPE"
"742",2012,3.8384687870111,0.131045373061986,"BUPE"
"743",2013,3.82297497736842,0.138041560702468,"BUPE"
"744",2014,3.80733012905795,0.144473213344075,"BUPE"
"745",1891,4.04688698076111,0.138691346612626,"WTTR"
"746",1892,4.05163998035206,0.132770025596345,"WTTR"
"747",1893,4.05574168286761,0.129285262170219,"WTTR"
"748",1894,4.05908260402012,0.12525952212261,"WTTR"
"749",1895,4.06156949020499,0.12118552349614,"WTTR"
"750",1896,4.06457616638948,0.11685205241597,"WTTR"
"751",1897,4.06666738060491,0.111369797506027,"WTTR"
"752",1898,4.0706399264229,0.106360924255019,"WTTR"
"753",1899,4.07294482514761,0.102301785996969,"WTTR"
"754",1900,4.07532215948351,0.0982179418999882,"WTTR"
"755",1901,4.07690089703491,0.0947357322867122,"WTTR"
"756",1902,4.07956595659066,0.0888882469819112,"WTTR"
"757",1903,4.08063374023285,0.086045059200841,"WTTR"
"758",1904,4.0826657956661,0.0830661660969696,"WTTR"
"759",1905,4.08361056908698,0.0820520308778336,"WTTR"
"760",1906,4.08423672809611,0.080698442550017,"WTTR"
"761",1907,4.08643368205613,0.0768845221440211,"WTTR"
"762",1908,4.0882426061425,0.0769784849178521,"WTTR"
"763",1909,4.08896914053864,0.076358161659944,"WTTR"
"764",1910,4.09001928541594,0.0754106791286269,"WTTR"
"765",1911,4.09171062202986,0.0737781559706896,"WTTR"
"766",1912,4.09265516021628,0.0739804835198177,"WTTR"
"767",1913,4.09308913957796,0.0731205684107783,"WTTR"
"768",1914,4.09335527074758,0.0747774396918039,"WTTR"
"769",1915,4.0937167142977,0.0738859799569607,"WTTR"
"770",1916,4.09411889972113,0.0733615450915579,"WTTR"
"771",1917,4.09419713209492,0.0738974353857991,"WTTR"
"772",1918,4.09431234914118,0.0736115857601432,"WTTR"
"773",1919,4.093767902565,0.0742890967620253,"WTTR"
"774",1920,4.09327138904872,0.0737940968375614,"WTTR"
"775",1921,4.09371917966283,0.0746996124919033,"WTTR"
"776",1922,4.09336522723447,0.0751138433960739,"WTTR"
"777",1923,4.09242251232721,0.075245485107005,"WTTR"
"778",1924,4.09240915198893,0.0761763401626956,"WTTR"
"779",1925,4.09118399036356,0.0761020273075461,"WTTR"
"780",1926,4.091731425916,0.0758882112943553,"WTTR"
"781",1927,4.09091817191111,0.0752408724074236,"WTTR"
"782",1928,4.08870036580653,0.0775548065669271,"WTTR"
"783",1929,4.08617190447652,0.0783658134106906,"WTTR"
"784",1930,4.08319000795102,0.0797544526276566,"WTTR"
"785",1931,4.08096397357242,0.0808276718946264,"WTTR"
"786",1932,4.07884635279188,0.0809536012012968,"WTTR"
"787",1933,4.07638325666689,0.0815632617501603,"WTTR"
"788",1934,4.07325779064015,0.0821349530262392,"WTTR"
"789",1935,4.07021223648851,0.0826861823832026,"WTTR"
"790",1936,4.06682521408667,0.0833539006672632,"WTTR"
"791",1937,4.06350654798547,0.0836461873357601,"WTTR"
"792",1938,4.06097278961674,0.0838069146209115,"WTTR"
"793",1939,4.05815334814764,0.0843277707882182,"WTTR"
"794",1940,4.05585393443656,0.0841251657422042,"WTTR"
"795",1941,4.05294342718024,0.083890565194551,"WTTR"
"796",1942,4.04836744094983,0.0849442126116866,"WTTR"
"797",1943,4.04396123376244,0.0847966299242984,"WTTR"
"798",1944,4.03997560659849,0.0844598815442374,"WTTR"
"799",1945,4.03437919585622,0.0843211913921476,"WTTR"
"800",1946,4.02849202369104,0.08512279155208,"WTTR"
"801",1947,4.02325993475537,0.084902038786475,"WTTR"
"802",1948,4.0175521831371,0.0844394253240051,"WTTR"
"803",1949,4.0123078339468,0.0829213858683193,"WTTR"
"804",1950,4.0052367802633,0.0824954529681454,"WTTR"
"805",1951,3.99841690138434,0.080274769908244,"WTTR"
"806",1952,3.99164369553086,0.0787616453316451,"WTTR"
"807",1953,3.98424807268951,0.0780512117724657,"WTTR"
"808",1954,3.9766207115723,0.077764392823747,"WTTR"
"809",1955,3.97029724805897,0.0749664698004322,"WTTR"
"810",1956,3.96201914693359,0.0737568651381615,"WTTR"
"811",1957,3.95452088793823,0.0730724065300485,"WTTR"
"812",1958,3.9458866463561,0.0729944007323615,"WTTR"
"813",1959,3.93851771706965,0.0725073639480116,"WTTR"
"814",1960,3.93155466149622,0.0713448163462429,"WTTR"
"815",1961,3.92396201897454,0.0706235134540001,"WTTR"
"816",1962,3.91763858345143,0.0681701913142883,"WTTR"
"817",1963,3.91055869447407,0.0667517200277801,"WTTR"
"818",1964,3.90307752890112,0.067966583375755,"WTTR"
"819",1965,3.89628380235369,0.0676414512534924,"WTTR"
"820",1966,3.88922730893203,0.067378358327074,"WTTR"
"821",1967,3.88425297748547,0.067733201523466,"WTTR"
"822",1968,3.87885023049906,0.0665582323429805,"WTTR"
"823",1969,3.87364307887373,0.0657776860494881,"WTTR"
"824",1970,3.86917216779704,0.0637520424158797,"WTTR"
"825",1971,3.86415157127343,0.0637801230383932,"WTTR"
"826",1972,3.86064270055506,0.0621477204471361,"WTTR"
"827",1973,3.85741591600188,0.0614969249988846,"WTTR"
"828",1974,3.85487215800038,0.0599357901220658,"WTTR"
"829",1975,3.8530884874463,0.0582996920231467,"WTTR"
"830",1976,3.85100549566277,0.0567864882325377,"WTTR"
"831",1977,3.85004998139449,0.0559570655240216,"WTTR"
"832",1978,3.84927112691887,0.0547146349359147,"WTTR"
"833",1979,3.84964035056323,0.0543491076868508,"WTTR"
"834",1980,3.85064104486404,0.0520873987447255,"WTTR"
"835",1981,3.85137147995296,0.0509886245929958,"WTTR"
"836",1982,3.85315423754254,0.0506611622053939,"WTTR"
"837",1983,3.85541364725237,0.0509592366776341,"WTTR"
"838",1984,3.85908610552195,0.0493823601432526,"WTTR"
"839",1985,3.86316614089118,0.0471671671811871,"WTTR"
"840",1986,3.86622046618885,0.0463637253503175,"WTTR"
"841",1987,3.87033226574446,0.0451325607461084,"WTTR"
"842",1988,3.87444634586705,0.0435919545420171,"WTTR"
"843",1989,3.87923354241142,0.0413707153886054,"WTTR"
"844",1990,3.88426428777295,0.0395485293634854,"WTTR"
"845",1991,3.88945632017193,0.0373342328326562,"WTTR"
"846",1992,3.89529643667203,0.0350928894045506,"WTTR"
"847",1993,3.90087900062107,0.0339322240509414,"WTTR"
"848",1994,3.9072943346257,0.0319368402897475,"WTTR"
"849",1995,3.91408065115615,0.0310865721770051,"WTTR"
"850",1996,3.92009847560536,0.0316972218241598,"WTTR"
"851",1997,3.92724352187038,0.0322513094150678,"WTTR"
"852",1998,3.93506608772178,0.0334702307628478,"WTTR"
"853",1999,3.9424253237334,0.0359262319590155,"WTTR"
"854",2000,3.95102057672635,0.0371704959538093,"WTTR"
"855",2001,3.95990600086687,0.0393391389450555,"WTTR"
"856",2002,3.96765817063574,0.0416544993580135,"WTTR"
"857",2003,3.97606490259667,0.0453721156175053,"WTTR"
"858",2004,3.98442906677011,0.0494096792749867,"WTTR"
"859",2005,3.9935195211334,0.0540275018979726,"WTTR"
"860",2006,4.00279595090559,0.0575595167921819,"WTTR"
"861",2007,4.01276745031899,0.060870393331439,"WTTR"
"862",2008,4.02248198469973,0.065543068076976,"WTTR"
"863",2009,4.03222486025269,0.0698151466924628,"WTTR"
"864",2010,4.04385645224281,0.0754144151129781,"WTTR"
"865",2011,4.05423336281947,0.081270984645613,"WTTR"
"866",2012,4.06468009379921,0.0881121888944687,"WTTR"
"867",2013,4.07724317043617,0.0921350395826677,"WTTR"
"868",2014,4.08829023133776,0.0985484948274653,"WTTR"
"869",1891,3.90144981746748,0.183328196106762,"WHTE"
"870",1892,3.89783998194273,0.17458239056448,"WHTE"
"871",1893,3.89431888117911,0.167947535825741,"WHTE"
"872",1894,3.89095710205997,0.161022630661945,"WHTE"
"873",1895,3.88659268940382,0.156849398056157,"WHTE"
"874",1896,3.88361055324567,0.149262835327913,"WHTE"
"875",1897,3.88053224994522,0.143514912209061,"WHTE"
"876",1898,3.87819253679835,0.138761047118102,"WHTE"
"877",1899,3.87595844937201,0.131863580420047,"WHTE"
"878",1900,3.87347105786194,0.125400206961199,"WHTE"
"879",1901,3.87021008638323,0.119433548908668,"WHTE"
"880",1902,3.86781940285192,0.112868934723624,"WHTE"
"881",1903,3.86460147585689,0.108914444062908,"WHTE"
"882",1904,3.86191670117298,0.103530326336901,"WHTE"
"883",1905,3.85968545740038,0.0974935391722065,"WHTE"
"884",1906,3.85706937572266,0.0913247868454508,"WHTE"
"885",1907,3.85417093450466,0.0878561652178167,"WHTE"
"886",1908,3.85081204523879,0.0843724989756769,"WHTE"
"887",1909,3.8483346292915,0.0780410968296574,"WHTE"
"888",1910,3.8460096325388,0.0722414667524789,"WHTE"
"889",1911,3.84417028257776,0.0670063341357237,"WHTE"
"890",1912,3.84123281400014,0.0645348499742475,"WHTE"
"891",1913,3.83947577946645,0.060074354418798,"WHTE"
"892",1914,3.83639903984792,0.0557058047093593,"WHTE"
"893",1915,3.8347085961909,0.0514716109540321,"WHTE"
"894",1916,3.83229122897272,0.0494245797486754,"WHTE"
"895",1917,3.8313402363944,0.0452521497564944,"WHTE"
"896",1918,3.82941565451528,0.0426583085409789,"WHTE"
"897",1919,3.82671044236451,0.0418734373528267,"WHTE"
"898",1920,3.82430625563186,0.0398877996994007,"WHTE"
"899",1921,3.82227044699204,0.0367439425393563,"WHTE"
"900",1922,3.81992011070047,0.035119646487261,"WHTE"
"901",1923,3.81747854994988,0.0347531689595195,"WHTE"
"902",1924,3.81539444531928,0.0334549596741618,"WHTE"
"903",1925,3.81345456176743,0.032264766025591,"WHTE"
"904",1926,3.8121750443163,0.0311147460247172,"WHTE"
"905",1927,3.81013784389748,0.0315781383143614,"WHTE"
"906",1928,3.80919595355065,0.0311975952036958,"WHTE"
"907",1929,3.80752653103682,0.0318584044179224,"WHTE"
"908",1930,3.80706622408264,0.0315890501911356,"WHTE"
"909",1931,3.8066389568155,0.0325220594927402,"WHTE"
"910",1932,3.80678648589687,0.032931651301392,"WHTE"
"911",1933,3.80684269521945,0.033097651886417,"WHTE"
"912",1934,3.80672710853481,0.0336192673754505,"WHTE"
"913",1935,3.80646144821617,0.0358672077035926,"WHTE"
"914",1936,3.80665686645214,0.0373965929021089,"WHTE"
"915",1937,3.80766984386945,0.0376579874446454,"WHTE"
"916",1938,3.80820887341809,0.0394619142012496,"WHTE"
"917",1939,3.80810613293522,0.043355335799566,"WHTE"
"918",1940,3.80851119250533,0.0459479681284067,"WHTE"
"919",1941,3.80874381251738,0.0486778619742489,"WHTE"
"920",1942,3.80944272385374,0.0519770630580525,"WHTE"
"921",1943,3.80963017303833,0.0557896751698381,"WHTE"
"922",1944,3.80991237666403,0.0607549382988806,"WHTE"
"923",1945,3.80928354782545,0.0653799127308154,"WHTE"
"924",1946,3.80950192006542,0.0683512351281284,"WHTE"
"925",1947,3.8101665120478,0.0725636826329596,"WHTE"
"926",1948,3.8102835967269,0.077141951223719,"WHTE"
"927",1949,3.81025960487344,0.0818342739558982,"WHTE"
"928",1950,3.81025149083257,0.0860693720455461,"WHTE"
"929",1951,3.81071605917007,0.0909469812191492,"WHTE"
"930",1952,3.81087144676403,0.0965052894388747,"WHTE"
"931",1953,3.81140032663209,0.1006274741523,"WHTE"
"932",1954,3.81156523420448,0.102943365901863,"WHTE"
"933",1955,3.81229593372702,0.107317674801989,"WHTE"
"934",1956,3.81263991462706,0.111903726725505,"WHTE"
"935",1957,3.8136415144009,0.11425770346955,"WHTE"
"936",1958,3.81398158228316,0.117431101474946,"WHTE"
"937",1959,3.81355789127686,0.121378778592778,"WHTE"
"938",1960,3.81368775207152,0.124352952165806,"WHTE"
"939",1961,3.81412479788684,0.126643203677399,"WHTE"
"940",1962,3.81392667216851,0.129465507555039,"WHTE"
"941",1963,3.81418430966216,0.131484817994771,"WHTE"
"942",1964,3.81408746390186,0.133611941429062,"WHTE"
"943",1965,3.81352470944423,0.134894295821863,"WHTE"
"944",1966,3.81275916859635,0.135971349581954,"WHTE"
"945",1967,3.81134813647111,0.138386220449839,"WHTE"
"946",1968,3.81057927027047,0.138065130761776,"WHTE"
"947",1969,3.80964297052717,0.138063707994707,"WHTE"
"948",1970,3.80756440227903,0.13817834973688,"WHTE"
"949",1971,3.80634193587057,0.13804624843121,"WHTE"
"950",1972,3.80570583962426,0.136448772500747,"WHTE"
"951",1973,3.8050270366853,0.134756251112708,"WHTE"
"952",1974,3.80394031910255,0.133887293631727,"WHTE"
"953",1975,3.8025878266043,0.133882522909953,"WHTE"
"954",1976,3.80081120358848,0.132909088304144,"WHTE"
"955",1977,3.79897857552444,0.130616914921056,"WHTE"
"956",1978,3.79757757502329,0.129904570742958,"WHTE"
"957",1979,3.795599700917,0.128084206685921,"WHTE"
"958",1980,3.79366626764181,0.126172096316318,"WHTE"
"959",1981,3.79191829231607,0.124686516930364,"WHTE"
"960",1982,3.78966751688339,0.123083097724296,"WHTE"
"961",1983,3.78678766692331,0.120958957828467,"WHTE"
"962",1984,3.78445157499545,0.118807361738438,"WHTE"
"963",1985,3.78191277947716,0.116438109063119,"WHTE"
"964",1986,3.77978384930235,0.113814995023056,"WHTE"
"965",1987,3.77724648620147,0.112251387125615,"WHTE"
"966",1988,3.77466199240373,0.108586518149502,"WHTE"
"967",1989,3.77214669496808,0.104733374002857,"WHTE"
"968",1990,3.76885858589984,0.102959648802631,"WHTE"
"969",1991,3.76573239865857,0.0990654873427101,"WHTE"
"970",1992,3.76318743832779,0.0953197952776805,"WHTE"
"971",1993,3.76022485936361,0.0929081669576237,"WHTE"
"972",1994,3.75692726382448,0.088702524396437,"WHTE"
"973",1995,3.7537179313415,0.0842813352494072,"WHTE"
"974",1996,3.74963525745054,0.0810961999096511,"WHTE"
"975",1997,3.74657871818952,0.076378763483119,"WHTE"
"976",1998,3.74357405229066,0.0712302071922126,"WHTE"
"977",1999,3.73984233119025,0.0663174698636215,"WHTE"
"978",2000,3.73554593113671,0.0631043427311337,"WHTE"
"979",2001,3.73147282721785,0.0577126323598343,"WHTE"
"980",2002,3.72631360890045,0.0533525720682486,"WHTE"
"981",2003,3.72223997058321,0.0495867985257044,"WHTE"
"982",2004,3.7170750691644,0.0472082494240809,"WHTE"
"983",2005,3.71312104035409,0.0439916600482899,"WHTE"
"984",2006,3.70822912904366,0.0387647780445626,"WHTE"
"985",2007,3.70258086384034,0.0374405620611258,"WHTE"
"986",2008,3.69684356250531,0.0366474266862342,"WHTE"
"987",2009,3.69090445258088,0.034771757358611,"WHTE"
"988",2010,3.68448439523223,0.0341135968721815,"WHTE"
"989",2011,3.67801898003232,0.0337962272310168,"WHTE"
"990",2012,3.67160870765892,0.0351545778504092,"WHTE"
"991",2013,3.66565620468884,0.0343856239156843,"WHTE"
"992",2014,3.65963292236492,0.0346333504944494,"WHTE"
"993",1891,4.10824634644272,0.0818145072832079,"TP"
"994",1892,4.1072688742602,0.0782160241260152,"TP"
"995",1893,4.10571884567087,0.0739527378276676,"TP"
"996",1894,4.10318121664414,0.070664544776414,"TP"
"997",1895,4.10158159977118,0.0676651600413232,"TP"
"998",1896,4.09989686388343,0.0652279295811082,"TP"
"999",1897,4.09780314471189,0.0623715468798061,"TP"
"1000",1898,4.09623199881674,0.0598480739660507,"TP"
"1001",1899,4.09526329634359,0.0579108019808023,"TP"
"1002",1900,4.09338121949244,0.056736238944592,"TP"
"1003",1901,4.09147265683294,0.0554546688643018,"TP"
"1004",1902,4.08969835936658,0.0530740249023847,"TP"
"1005",1903,4.08834887422903,0.0513410706084052,"TP"
"1006",1904,4.08537985979877,0.0509009532902471,"TP"
"1007",1905,4.08320298631451,0.0506451510977719,"TP"
"1008",1906,4.08176119110745,0.0478457058862078,"TP"
"1009",1907,4.08013425437036,0.0458604475553388,"TP"
"1010",1908,4.07810819689974,0.0448453251141689,"TP"
"1011",1909,4.07605698814198,0.0445801186097947,"TP"
"1012",1910,4.0741986876723,0.0436383802915552,"TP"
"1013",1911,4.07272724235323,0.0423105751338975,"TP"
"1014",1912,4.07082420332659,0.0414070594318403,"TP"
"1015",1913,4.06893098478679,0.0407455281772222,"TP"
"1016",1914,4.06725904396892,0.0401840467188395,"TP"
"1017",1915,4.06460000766666,0.0412485396181186,"TP"
"1018",1916,4.06246146850249,0.0417244421293725,"TP"
"1019",1917,4.05981613510827,0.0411842460875818,"TP"
"1020",1918,4.05737147489098,0.041304293986145,"TP"
"1021",1919,4.05458912361413,0.0426299854082952,"TP"
"1022",1920,4.05258371500137,0.042261350848368,"TP"
"1023",1921,4.05038095139789,0.0425510669989997,"TP"
"1024",1922,4.04775894014462,0.0428711131717696,"TP"
"1025",1923,4.04555352464763,0.0433764684203046,"TP"
"1026",1924,4.04303476896016,0.0439621186197341,"TP"
"1027",1925,4.04149170267339,0.0441729189197488,"TP"
"1028",1926,4.03935373894531,0.0446999468850882,"TP"
"1029",1927,4.03704900498202,0.0453635219892679,"TP"
"1030",1928,4.03535612590144,0.045504261325398,"TP"
"1031",1929,4.03313328851727,0.0466089015507123,"TP"
"1032",1930,4.03002609733655,0.0472653098604612,"TP"
"1033",1931,4.02795828875456,0.0481469196275199,"TP"
"1034",1932,4.02610336451691,0.0484167783121148,"TP"
"1035",1933,4.02406567260143,0.0482846685077361,"TP"
"1036",1934,4.02173761590151,0.0482830927791165,"TP"
"1037",1935,4.01934029442633,0.0488414103400787,"TP"
"1038",1936,4.01659109749994,0.0475876293216668,"TP"
"1039",1937,4.01414171856192,0.0462292550608776,"TP"
"1040",1938,4.0120053109903,0.0458362849575797,"TP"
"1041",1939,4.00935075544647,0.0459146699614443,"TP"
"1042",1940,4.00671478445923,0.0451079989010124,"TP"
"1043",1941,4.00367755112534,0.0449854813508299,"TP"
"1044",1942,4.00075376668017,0.0454575175005125,"TP"
"1045",1943,3.99832933524224,0.0456975549438696,"TP"
"1046",1944,3.99515832649955,0.046208828647222,"TP"
"1047",1945,3.99203872251509,0.0465535325063957,"TP"
"1048",1946,3.98928464816055,0.0474720446955179,"TP"
"1049",1947,3.9860302005522,0.0474640994983844,"TP"
"1050",1948,3.98294471855783,0.0477481180688564,"TP"
"1051",1949,3.98091252563856,0.0475099734297033,"TP"
"1052",1950,3.9783686874684,0.0476665299664538,"TP"
"1053",1951,3.97621524198078,0.0477508492189043,"TP"
"1054",1952,3.97403351777346,0.04825170407796,"TP"
"1055",1953,3.97158427088517,0.0487627772332049,"TP"
"1056",1954,3.96923330741762,0.0491081429753191,"TP"
"1057",1955,3.96713005985369,0.0497540285935365,"TP"
"1058",1956,3.96635909570373,0.0495069698496415,"TP"
"1059",1957,3.96580489897532,0.0486912372721999,"TP"
"1060",1958,3.96536094833965,0.0483361205451232,"TP"
"1061",1959,3.9662370260531,0.0461370031357538,"TP"
"1062",1960,3.96605001004312,0.0459742822395484,"TP"
"1063",1961,3.96643161249524,0.0452556453806072,"TP"
"1064",1962,3.96674205612594,0.0458547443647013,"TP"
"1065",1963,3.9670163322506,0.0458203904756447,"TP"
"1066",1964,3.96745105986552,0.0459443023709394,"TP"
"1067",1965,3.96681473022094,0.0466568974923578,"TP"
"1068",1966,3.96687935446317,0.0454185401882019,"TP"
"1069",1967,3.96628635034174,0.0444423266881215,"TP"
"1070",1968,3.96577319063764,0.0434908099082856,"TP"
"1071",1969,3.96393471568736,0.0433119989931141,"TP"
"1072",1970,3.96199031264058,0.0428244518204974,"TP"
"1073",1971,3.95977099917853,0.0426238184795968,"TP"
"1074",1972,3.95781438070066,0.0424891779067269,"TP"
"1075",1973,3.95606865708813,0.0417397533994981,"TP"
"1076",1974,3.95365585805666,0.0416862781808836,"TP"
"1077",1975,3.95155543073809,0.0409615100644123,"TP"
"1078",1976,3.94935918273235,0.0406574974054332,"TP"
"1079",1977,3.94660190853741,0.0408361871977236,"TP"
"1080",1978,3.9439415121235,0.0403266870949026,"TP"
"1081",1979,3.94149133493865,0.03971514294641,"TP"
"1082",1980,3.93894620499386,0.0396610136714872,"TP"
"1083",1981,3.93652968026175,0.0392059341856461,"TP"
"1084",1982,3.93431576214304,0.0382824689774122,"TP"
"1085",1983,3.93133324792303,0.0381424327272737,"TP"
"1086",1984,3.92858261053501,0.0375275769843362,"TP"
"1087",1985,3.9261770233779,0.0363473594471504,"TP"
"1088",1986,3.92319408889519,0.0360121420420301,"TP"
"1089",1987,3.92008518409199,0.0357007881014857,"TP"
"1090",1988,3.91596793629036,0.0358257167436311,"TP"
"1091",1989,3.91292341671126,0.0345767163671704,"TP"
"1092",1990,3.90930047440293,0.0340283945249586,"TP"
"1093",1991,3.90605996294215,0.0328792761237202,"TP"
"1094",1992,3.90236921474465,0.0322186775674558,"TP"
"1095",1993,3.89849868479202,0.0310934950568322,"TP"
"1096",1994,3.89473454679166,0.0315681868523781,"TP"
"1097",1995,3.89038902328231,0.0307489715228018,"TP"
"1098",1996,3.88625223838013,0.0310083587869125,"TP"
"1099",1997,3.88167111559978,0.030830820094975,"TP"
"1100",1998,3.87663681896761,0.0317769713951916,"TP"
"1101",1999,3.87225054923834,0.0314189994995862,"TP"
"1102",2000,3.86738360339676,0.03134865675879,"TP"
"1103",2001,3.86240850943404,0.032596530378159,"TP"
"1104",2002,3.85833185862753,0.0329567350293365,"TP"
"1105",2003,3.85324381408058,0.0334836284870446,"TP"
"1106",2004,3.84809175111688,0.0356071270850489,"TP"
"1107",2005,3.84294669322073,0.0376173425030428,"TP"
"1108",2006,3.83748275253169,0.0398351694119157,"TP"
"1109",2007,3.83228910048724,0.042146578501062,"TP"
"1110",2008,3.82703263265263,0.0436698555894268,"TP"
"1111",2009,3.82118333817772,0.0458195926847926,"TP"
"1112",2010,3.81544396506889,0.0483351242138053,"TP"
"1113",2011,3.81009137679359,0.0499394515436653,"TP"
"1114",2012,3.80449159503589,0.0519392751512928,"TP"
"1115",2013,3.7992168153107,0.0545031019481228,"TP"
"1116",2014,3.79291428615361,0.0582825025130473,"TP"
